﻿<?xml version="1.0" encoding="utf-8"?>
<JustCodeSettings Version="0.0" Timestamp="99c3b737-b76d-4289-a0c1-1ac10d01906a">
  <IgnoredErrorsAndWarningsSettings xmlns:i="http://www.w3.org/2001/XMLSchema-instance">
    <IgnoredErrorsAndWarnings Version="2">
      <FilePath>
        <FileRelativePath>Library/Gsm.cs</FileRelativePath>
        <ProjectRelativePath>Library/MobilePhone.Library.csproj</ProjectRelativePath>
        <IgnoredElement>
          <TextualIdentifier>7547300525917003731</TextualIdentifier>
        </IgnoredElement>
      </FilePath>
    </IgnoredErrorsAndWarnings>
  </IgnoredErrorsAndWarningsSettings>
</JustCodeSettings>