﻿<?xml version="1.0" encoding="utf-8"?>
<JustCodeSettings Version="0.0" Timestamp="b57b16d5-5518-4fa4-8440-9827b58f7bfb">
  <IgnoredErrorsAndWarningsSettings xmlns:i="http://www.w3.org/2001/XMLSchema-instance">
    <IgnoredErrorsAndWarnings>
      <FilePath>
        <Path>D:\Dropbox\Pav\Telerik Academy\C# Fundamentals - Part II\02. Arrays\Homework\Arrays\CompareArraysElements\Properties\AssemblyInfo.cs</Path>
        <ProjectFullName>D:\Dropbox\Pav\Telerik Academy\C# Fundamentals - Part II\02. Arrays\Homework\Arrays\CompareArraysElements\02. CompareArraysElements.csproj</ProjectFullName>
        <IgnoredElement>
          <Column>1</Column>
          <Text>This using directive is not required</Text>
          <Line>2</Line>
        </IgnoredElement>
      </FilePath>
      <FilePath>
        <Path>D:\Dropbox\Pav\Telerik Academy\C# Fundamentals - Part II\02. Arrays\Homework\Arrays\CompareCharArraysElements\Properties\AssemblyInfo.cs</Path>
        <ProjectFullName>D:\Dropbox\Pav\Telerik Academy\C# Fundamentals - Part II\02. Arrays\Homework\Arrays\CompareCharArraysElements\03. CompareCharArraysElements.csproj</ProjectFullName>
        <IgnoredElement>
          <Column>1</Column>
          <Text>This using directive is not required</Text>
          <Line>2</Line>
        </IgnoredElement>
      </FilePath>
      <FilePath>
        <Path>D:\Dropbox\Pav\Telerik Academy\C# Fundamentals - Part II\02. Arrays\Homework\Arrays\ArrayMaximalSequenceOfEqualElements\Properties\AssemblyInfo.cs</Path>
        <ProjectFullName>D:\Dropbox\Pav\Telerik Academy\C# Fundamentals - Part II\02. Arrays\Homework\Arrays\ArrayMaximalSequenceOfEqualElements\ArrayMaximalSequenceOfEqualElements.csproj</ProjectFullName>
        <IgnoredElement>
          <Column>1</Column>
          <Text>This using directive is not required</Text>
          <Line>2</Line>
        </IgnoredElement>
      </FilePath>
      <FilePath>
        <Path>D:\Dropbox\Pav\Telerik Academy\C# Fundamentals - Part II\02. Arrays\Homework\Arrays\ArrayValuesItsIndicesMultipliedByFive\Properties\AssemblyInfo.cs</Path>
        <ProjectFullName>D:\Dropbox\Pav\Telerik Academy\C# Fundamentals - Part II\02. Arrays\Homework\Arrays\ArrayValuesItsIndicesMultipliedByFive\01. ArrayValuesItsIndicesMultipliedByFive.csproj</ProjectFullName>
        <IgnoredElement>
          <Column>1</Column>
          <Text>This using directive is not required</Text>
          <Line>2</Line>
        </IgnoredElement>
      </FilePath>
    </IgnoredErrorsAndWarnings>
  </IgnoredErrorsAndWarningsSettings>
</JustCodeSettings>